<!--
  ~ Copyright 2020. AppDynamics LLC and its affiliates.
  ~ All Rights Reserved.
  ~ This is unpublished proprietary source code of AppDynamics LLC and its affiliates.
  ~ The copyright notice above does not evidence any actual or intended publication of such source code.
  -->
<!--
aggregationType = AVERAGE | SUM | OBSERVATION
timeRollUpType = AVERAGE | SUM | CURRENT
clusterRollUpType = INDIVIDUAL | COLLECTIVE
-->
<!--
Set delta = true for metric to report per-min data
-->
<stats>
    <stat name="CPUUsage" label="System" system-wide="true" use-domain="default">
        <metric value-xpath="oneMinute" label="CPU Usage %" aggregationType = "OBSERVATION" timeRollUpType = "AVERAGE" clusterRollUpType = "COLLECTIVE"/>
    </stat>
    <stat name="SystemUsage" label="System" system-wide="true">
        <metric value-xpath="Load" label="Load" aggregationType = "OBSERVATION" timeRollUpType = "CURRENT" clusterRollUpType = "COLLECTIVE"/>
        <metric value-xpath="WorkList" label="Work List" aggregationType = "OBSERVATION" timeRollUpType = "CURRENT" clusterRollUpType = "COLLECTIVE"/>
    </stat>
    <stat name="MemoryStatus" label="System|Memory" system-wide="true">
        <metric value-xpath="Usage" label="Used %" aggregationType = "OBSERVATION" timeRollUpType = "AVERAGE" clusterRollUpType = "COLLECTIVE"/>
        <metric value-xpath="TotalMemory" label="Total (MB)" multiplier="0.0009765625" aggregationType = "OBSERVATION" timeRollUpType = "AVERAGE" clusterRollUpType = "COLLECTIVE"/>
        <metric value-xpath="UsedMemory" label="Used (MB)" multiplier="0.0009765625" aggregationType = "OBSERVATION" timeRollUpType = "AVERAGE" clusterRollUpType = "COLLECTIVE"/>
        <metric value-xpath="FreeMemory" label="Free (MB)" multiplier="0.0009765625" aggregationType = "OBSERVATION" timeRollUpType = "AVERAGE" clusterRollUpType = "COLLECTIVE"/>
        <metric value-xpath="ReqMemory" label="Requested (MB)" multiplier="0.0009765625" aggregationType = "OBSERVATION" timeRollUpType = "AVERAGE" clusterRollUpType = "COLLECTIVE"/>
    </stat>
    <stat name="FilesystemStatus" label="System|File System" system-wide="true">
        <metric value-xpath="FreeEncrypted" label="Free Encrypted (MB)" aggregationType = "OBSERVATION" timeRollUpType = "AVERAGE" clusterRollUpType = "COLLECTIVE"/>
        <metric value-xpath="TotalEncrypted" label="Total Encrypted (MB)" aggregationType = "OBSERVATION" timeRollUpType = "AVERAGE" clusterRollUpType = "COLLECTIVE"/>
        <metric value-xpath="FreeTemporary" label="Free Temporary (MB)" aggregationType = "OBSERVATION" timeRollUpType = "AVERAGE" clusterRollUpType = "COLLECTIVE"/>
        <metric value-xpath="TotalTemporary" label="Total Temporary (MB)" aggregationType = "OBSERVATION" timeRollUpType = "AVERAGE" clusterRollUpType = "COLLECTIVE"/>
        <metric value-xpath="FreeInternal" label="Free Internal (MB)" aggregationType = "OBSERVATION" timeRollUpType = "AVERAGE" clusterRollUpType = "COLLECTIVE"/>
        <metric value-xpath="TotalInternal" label="Total Internal (MB)" aggregationType = "OBSERVATION" timeRollUpType = "AVERAGE" clusterRollUpType = "COLLECTIVE"/>
    </stat>
    <stat name="ReceiveKbpsThroughput" label="Network">
        <metric label-xpath="Interface" value-xpath="oneMinute" label-suffix="|Incoming KB/sec" aggregationType = "OBSERVATION" timeRollUpType = "AVERAGE" clusterRollUpType = "COLLECTIVE"/>
    </stat>
    <stat name="TransmitKbpsThroughput" label="Network">
        <metric label-xpath="Interface" value-xpath="oneMinute" label-suffix="|Outgoing KB/sec" aggregationType = "OBSERVATION" timeRollUpType = "AVERAGE" clusterRollUpType = "COLLECTIVE"/>
    </stat>
    <stat name="NetworkReceivePacketThroughput" label="Network">
        <metric label-xpath="InterfaceName" value-xpath="oneMinute" label-suffix="|Incoming Packets/sec" aggregationType = "OBSERVATION" timeRollUpType = "AVERAGE" clusterRollUpType = "COLLECTIVE"/>
    </stat>
    <stat name="NetworkTransmitPacketThroughput" label="Network">
        <metric label-xpath="InterfaceName" value-xpath="oneMinute" label-suffix="|Outgoing Packets/sec" aggregationType = "OBSERVATION" timeRollUpType = "AVERAGE" clusterRollUpType = "COLLECTIVE"/>
    </stat>
    <stat name="HTTPMeanTransactionTime" label="Transactions">
        <metric label-xpath="proxy" value-xpath="oneMinute" label-suffix="|Average Response Time (ms)" aggregationType = "OBSERVATION" timeRollUpType = "AVERAGE" clusterRollUpType = "COLLECTIVE"/>
    </stat>
    <stat name="HTTPTransactions" label="Transactions">
        <metric label-xpath="proxy" value-xpath="oneMinute" label-suffix="|Calls per Minute" aggregationType = "OBSERVATION" timeRollUpType = "CURRENT" clusterRollUpType = "COLLECTIVE"/>
    </stat>
    <stat name="ConnectionsAccepted" label="Transactions">
        <metric value-xpath="oneMinute" label="Connections Accepted" aggregationType = "OBSERVATION" timeRollUpType = "CURRENT" clusterRollUpType = "COLLECTIVE"/>
    </stat>

    <stat name="SystemUsage2Table" label="System|System Usage Detail" system-wide="true">
        <metric label-xpath="TaskName" value-xpath="Load" label-suffix="|Load" aggregationType = "OBSERVATION" timeRollUpType = "AVERAGE" clusterRollUpType = "COLLECTIVE"/>
        <metric label-xpath="TaskName" value-xpath="WorkList" label-suffix="|WorkList" aggregationType = "OBSERVATION" timeRollUpType = "AVERAGE" clusterRollUpType = "COLLECTIVE"/>
        <metric label-xpath="TaskName" value-xpath="CPU" label-suffix="|CPU" aggregationType = "OBSERVATION" timeRollUpType = "AVERAGE" clusterRollUpType = "COLLECTIVE"/>
        <metric label-xpath="TaskName" value-xpath="Memory" label-suffix="|Memory" aggregationType = "OBSERVATION" timeRollUpType = "AVERAGE" clusterRollUpType = "COLLECTIVE" />
        <metric label-xpath="TaskName" value-xpath="FileCount" label-suffix="|FileCount" aggregationType = "OBSERVATION" timeRollUpType = "AVERAGE" clusterRollUpType = "COLLECTIVE" />
    </stat>
    <stat name="ObjectStatus" label="Object Status">
        <metric label-xpath="Class,Name" label-delim="|" value-xpath="OpState" label-suffix="|State" aggregationType = "OBSERVATION" timeRollUpType = "CURRENT" clusterRollUpType = "COLLECTIVE">
            <convert label="up" value="1"/>
            <convert label="$default" value="0"/>
        </metric>
        <filter>//ObjectStatus[Class='Class' and Name='Name']</filter>
    </stat>
</stats>