<!--
  ~ Copyright 2020. AppDynamics LLC and its affiliates.
  ~ All Rights Reserved.
  ~ This is unpublished proprietary source code of AppDynamics LLC and its affiliates.
  ~ The copyright notice above does not evidence any actual or intended publication of such source code.
  -->

<monitor>
    <name>DataPowerMonitor</name>
    <type>managed</type>
    <description>Collects the metrics from IBM DataPower SOA Appliance</description>
    <monitor-configuration></monitor-configuration>
    <monitor-run-task>
        <execution-style>periodic</execution-style>
        <execution-frequency-in-seconds>60</execution-frequency-in-seconds>
        <name>DataPowerMonitor Monitor Run Task</name>
        <display-name>DataPowerMonitor Task</display-name>
        <description>DataPowerMonitor Task</description>
        <type>java</type>
        <execution-timeout-in-secs>60</execution-timeout-in-secs>
        <task-arguments>
            <argument name="config-file" is-required="true" default-value="monitors/DataPowerMonitor/config.yml" />
            <argument name="metric-file" is-required="true" default-value="monitors/DataPowerMonitor/metrics.xml"/>
        </task-arguments>
        <java-task>
            <classpath>datapower-monitoring-extension.jar</classpath>
            <impl-class>com.appdynamics.extensions.datapower.DataPowerMonitor</impl-class>
        </java-task>
    </monitor-run-task>
</monitor>
